Transaction ID,Date,Month,Customer ID,Gender,Age,Age group,Product Category,Quantity,Price per Unit,Total Amount
1,2023-11-24,November,CUST001,Male,34,26–35,Beauty,3,50,150
2,2023-02-27,February,CUST002,Female,26,26–35,Clothing,2,500,1000
3,2023-01-13,January,CUST003,Male,50,46–55,Electronics,1,30,30
4,2023-05-21,May,CUST004,Male,37,36–45,Clothing,1,500,500
5,2023-05-06,May,CUST005,Male,30,26–35,Beauty,2,50,100
6,2023-04-25,April,CUST006,Female,45,36–45,Beauty,1,30,30
7,2023-03-13,March,CUST007,Male,46,46–55,Clothing,2,25,50
8,2023-02-22,February,CUST008,Male,30,26–35,Electronics,4,25,100
9,2023-12-13,December,CUST009,Male,63,56+,Electronics,2,300,600
10,2023-10-07,October,CUST010,Female,52,46–55,Clothing,4,50,200
11,2023-02-14,February,CUST011,Male,23,18–25,Clothing,2,50,100
12,2023-10-30,October,CUST012,Male,35,26–35,Beauty,3,25,75
13,2023-08-05,August,CUST013,Male,22,18–25,Electronics,3,500,1500
14,2023-01-17,January,CUST014,Male,64,56+,Clothing,4,30,120
15,2023-01-16,January,CUST015,Female,42,36–45,Electronics,4,500,2000
16,2023-02-17,February,CUST016,Male,19,18–25,Clothing,3,500,1500
17,2023-04-22,April,CUST017,Female,27,26–35,Clothing,4,25,100
18,2023-04-30,April,CUST018,Female,47,46–55,Electronics,2,25,50
19,2023-09-16,September,CUST019,Female,62,56+,Clothing,2,25,50
20,2023-11-05,November,CUST020,Male,22,18–25,Clothing,3,300,900
21,2023-01-14,January,CUST021,Female,50,46–55,Beauty,1,500,500
22,2023-10-15,October,CUST022,Male,18,18–25,Clothing,2,50,100
23,2023-04-12,April,CUST023,Female,35,26–35,Clothing,4,30,120
24,2023-11-29,November,CUST024,Female,49,46–55,Clothing,1,300,300
25,2023-12-26,December,CUST025,Female,64,56+,Beauty,1,50,50
26,2023-10-07,October,CUST026,Female,28,26–35,Electronics,2,500,1000
27,2023-08-03,August,CUST027,Female,38,36–45,Beauty,2,25,50
28,2023-04-23,April,CUST028,Female,43,36–45,Beauty,1,500,500
29,2023-08-18,August,CUST029,Female,42,36–45,Electronics,1,30,30
30,2023-10-29,October,CUST030,Female,39,36–45,Beauty,3,300,900
31,2023-05-23,May,CUST031,Male,44,36–45,Electronics,4,300,1200
32,2023-01-04,January,CUST032,Male,30,26–35,Beauty,3,30,90
33,2023-03-23,March,CUST033,Female,50,46–55,Electronics,2,50,100
34,2023-12-24,December,CUST034,Female,51,46–55,Clothing,3,50,150
35,2023-08-05,August,CUST035,Female,58,56+,Beauty,3,300,900
36,2023-06-24,June,CUST036,Male,52,46–55,Beauty,3,300,900
37,2023-05-23,May,CUST037,Female,18,18–25,Beauty,3,25,75
38,2023-03-21,March,CUST038,Male,38,36–45,Beauty,4,50,200
39,2023-04-21,April,CUST039,Male,23,18–25,Clothing,4,30,120
40,2023-06-22,June,CUST040,Male,45,36–45,Beauty,1,50,50
41,2023-02-22,February,CUST041,Male,34,26–35,Clothing,2,25,50
42,2023-02-17,February,CUST042,Male,22,18–25,Clothing,3,300,900
43,2023-07-14,July,CUST043,Female,48,46–55,Clothing,1,300,300
44,2023-02-19,February,CUST044,Female,22,18–25,Clothing,1,25,25
45,2023-07-03,July,CUST045,Female,55,46–55,Electronics,1,30,30
46,2023-06-26,June,CUST046,Female,20,18–25,Electronics,4,300,1200
47,2023-11-06,November,CUST047,Female,40,36–45,Beauty,3,500,1500
48,2023-05-16,May,CUST048,Male,54,46–55,Electronics,3,300,900
49,2023-01-23,January,CUST049,Female,54,46–55,Electronics,2,500,1000
50,2023-08-24,August,CUST050,Female,27,26–35,Beauty,3,25,75
51,2023-10-02,October,CUST051,Male,27,26–35,Beauty,3,25,75
52,2023-03-05,March,CUST052,Female,36,36–45,Beauty,1,300,300
53,2023-07-13,July,CUST053,Male,34,26–35,Electronics,2,50,100
54,2023-02-10,February,CUST054,Female,38,36–45,Electronics,3,500,1500
55,2023-10-10,October,CUST055,Male,31,26–35,Beauty,4,30,120
56,2023-05-31,May,CUST056,Female,26,26–35,Clothing,3,300,900
57,2023-11-18,November,CUST057,Female,63,56+,Beauty,1,30,30
58,2023-11-13,November,CUST058,Male,18,18–25,Clothing,4,300,1200
59,2023-07-05,July,CUST059,Male,62,56+,Clothing,1,50,50
60,2023-10-23,October,CUST060,Male,30,26–35,Beauty,3,50,150
61,2023-04-09,April,CUST061,Male,21,18–25,Beauty,4,50,200
62,2023-12-27,December,CUST062,Male,18,18–25,Beauty,2,50,100
63,2023-02-05,February,CUST063,Male,57,56+,Electronics,2,25,50
64,2023-01-24,January,CUST064,Male,49,46–55,Clothing,4,25,100
65,2023-12-05,December,CUST065,Male,51,46–55,Electronics,4,500,2000
66,2023-04-27,April,CUST066,Female,45,36–45,Electronics,1,30,30
67,2023-05-29,May,CUST067,Female,48,46–55,Beauty,4,300,1200
68,2023-02-10,February,CUST068,Male,25,18–25,Electronics,1,300,300
69,2023-04-30,April,CUST069,Female,56,56+,Beauty,3,25,75
70,2023-02-21,February,CUST070,Female,43,36–45,Clothing,1,300,300
71,2023-07-14,July,CUST071,Female,51,46–55,Beauty,4,25,100
72,2023-05-23,May,CUST072,Female,20,18–25,Electronics,4,500,2000
73,2023-08-21,August,CUST073,Male,29,26–35,Electronics,3,30,90
74,2023-11-22,November,CUST074,Female,18,18–25,Beauty,4,500,2000
75,2023-07-06,July,CUST075,Male,61,56+,Beauty,4,50,200
76,2023-03-25,March,CUST076,Female,22,18–25,Electronics,2,50,100
77,2023-07-09,July,CUST077,Female,47,46–55,Clothing,2,50,100
78,2023-07-01,July,CUST078,Female,47,46–55,Clothing,3,500,1500
79,2023-04-18,April,CUST079,Male,34,26–35,Beauty,1,300,300
80,2023-12-10,December,CUST080,Female,64,56+,Clothing,2,30,60
81,2023-05-17,May,CUST081,Male,40,36–45,Electronics,1,50,50
82,2023-12-26,December,CUST082,Female,32,26–35,Beauty,4,50,200
83,2023-12-16,December,CUST083,Male,54,46–55,Electronics,2,50,100
84,2023-11-28,November,CUST084,Female,38,36–45,Electronics,3,30,90
85,2023-02-06,February,CUST085,Male,31,26–35,Clothing,3,50,150
86,2023-11-08,November,CUST086,Male,19,18–25,Beauty,3,30,90
87,2023-11-22,November,CUST087,Female,28,26–35,Beauty,2,50,100
88,2023-03-29,March,CUST088,Male,56,56+,Clothing,1,500,500
89,2023-10-01,October,CUST089,Female,55,46–55,Electronics,4,500,2000
90,2023-05-06,May,CUST090,Female,51,46–55,Electronics,1,30,30
91,2023-03-25,March,CUST091,Female,55,46–55,Electronics,1,500,500
92,2023-08-25,August,CUST092,Female,51,46–55,Electronics,4,30,120
93,2023-07-14,July,CUST093,Female,35,26–35,Beauty,4,500,2000
94,2023-05-19,May,CUST094,Female,47,46–55,Beauty,2,500,1000
95,2023-11-24,November,CUST095,Female,32,26–35,Clothing,2,30,60
96,2023-12-19,December,CUST096,Female,44,36–45,Clothing,2,300,600
97,2023-10-13,October,CUST097,Female,51,46–55,Beauty,2,500,1000
98,2023-04-23,April,CUST098,Female,55,46–55,Beauty,2,50,100
99,2023-12-17,December,CUST099,Female,50,46–55,Electronics,4,300,1200
100,2023-06-16,June,CUST100,Male,41,36–45,Electronics,1,30,30
101,2023-01-29,January,CUST101,Male,32,26–35,Clothing,2,300,600
102,2023-04-28,April,CUST102,Female,47,46–55,Beauty,2,25,50
103,2023-01-17,January,CUST103,Female,59,56+,Clothing,1,25,25
104,2023-06-11,June,CUST104,Female,34,26–35,Beauty,2,500,1000
105,2023-07-25,July,CUST105,Female,22,18–25,Electronics,1,500,500
106,2023-05-18,May,CUST106,Female,46,46–55,Clothing,1,50,50
107,2023-02-03,February,CUST107,Female,21,18–25,Clothing,4,300,1200
108,2023-04-19,April,CUST108,Female,27,26–35,Beauty,3,25,75
109,2023-10-18,October,CUST109,Female,34,26–35,Electronics,4,500,2000
110,2023-06-11,June,CUST110,Male,27,26–35,Clothing,3,300,900
111,2023-04-19,April,CUST111,Female,34,26–35,Electronics,3,500,1500
112,2023-12-02,December,CUST112,Male,37,36–45,Clothing,3,500,1500
113,2023-09-13,September,CUST113,Female,41,36–45,Electronics,2,25,50
114,2023-07-22,July,CUST114,Female,22,18–25,Beauty,4,25,100
115,2023-11-26,November,CUST115,Male,51,46–55,Clothing,3,500,1500
116,2023-08-23,August,CUST116,Female,23,18–25,Clothing,1,30,30
117,2023-03-15,March,CUST117,Male,19,18–25,Electronics,2,500,1000
118,2023-05-16,May,CUST118,Female,30,26–35,Electronics,4,500,2000
119,2023-03-13,March,CUST119,Female,60,56+,Clothing,3,50,150
120,2023-05-07,May,CUST120,Male,60,56+,Beauty,1,50,50
121,2023-10-15,October,CUST121,Female,28,26–35,Electronics,4,50,200
122,2023-10-03,October,CUST122,Male,64,56+,Electronics,4,30,120
123,2023-05-15,May,CUST123,Female,40,36–45,Electronics,2,30,60
124,2023-10-27,October,CUST124,Male,33,26–35,Clothing,4,500,2000
125,2023-08-08,August,CUST125,Male,48,46–55,Clothing,2,50,100
126,2023-10-26,October,CUST126,Female,28,26–35,Clothing,3,30,90
127,2023-07-24,July,CUST127,Female,33,26–35,Clothing,2,25,50
128,2023-07-05,July,CUST128,Male,25,18–25,Beauty,1,500,500
129,2023-04-23,April,CUST129,Female,21,18–25,Beauty,2,300,600
130,2023-03-12,March,CUST130,Female,57,56+,Clothing,1,500,500
131,2023-09-18,September,CUST131,Female,21,18–25,Beauty,2,300,600
132,2023-09-10,September,CUST132,Male,42,36–45,Electronics,4,50,200
133,2023-02-16,February,CUST133,Male,20,18–25,Electronics,3,300,900
134,2023-01-25,January,CUST134,Male,49,46–55,Electronics,1,50,50
135,2023-02-26,February,CUST135,Male,20,18–25,Clothing,2,25,50
136,2023-03-20,March,CUST136,Male,44,36–45,Electronics,2,300,600
137,2023-11-18,November,CUST137,Male,46,46–55,Beauty,2,500,1000
138,2023-03-23,March,CUST138,Male,49,46–55,Clothing,4,50,200
139,2023-12-15,December,CUST139,Male,36,36–45,Beauty,4,500,2000
140,2023-08-05,August,CUST140,Male,38,36–45,Electronics,1,30,30
141,2023-11-02,November,CUST141,Female,22,18–25,Electronics,1,50,50
142,2023-02-02,February,CUST142,Male,35,26–35,Electronics,4,300,1200
143,2023-07-17,July,CUST143,Female,45,36–45,Clothing,1,50,50
144,2023-07-15,July,CUST144,Female,59,56+,Beauty,3,500,1500
145,2023-11-02,November,CUST145,Female,39,36–45,Clothing,3,25,75
146,2023-08-28,August,CUST146,Male,38,36–45,Clothing,4,50,200
147,2023-09-28,September,CUST147,Male,23,18–25,Electronics,1,300,300
148,2023-05-09,May,CUST148,Male,18,18–25,Clothing,2,30,60
149,2023-10-11,October,CUST149,Male,22,18–25,Clothing,3,25,75
150,2023-01-06,January,CUST150,Female,58,56+,Electronics,4,30,120
151,2023-12-15,December,CUST151,Male,29,26–35,Clothing,1,50,50
152,2023-02-28,February,CUST152,Male,43,36–45,Electronics,4,500,2000
153,2023-12-16,December,CUST153,Male,63,56+,Electronics,2,500,1000
154,2023-10-02,October,CUST154,Male,51,46–55,Electronics,3,300,900
155,2023-05-17,May,CUST155,Male,31,26–35,Electronics,4,500,2000
156,2023-11-25,November,CUST156,Female,43,36–45,Clothing,4,25,100
157,2023-06-24,June,CUST157,Male,62,56+,Electronics,4,500,2000
158,2023-02-27,February,CUST158,Female,44,36–45,Electronics,2,300,600
159,2023-05-31,May,CUST159,Male,26,26–35,Clothing,4,50,200
160,2023-08-11,August,CUST160,Female,43,36–45,Clothing,2,50,100
161,2023-03-22,March,CUST161,Male,64,56+,Beauty,2,500,1000
162,2023-08-21,August,CUST162,Male,39,36–45,Clothing,2,30,60
163,2023-01-02,January,CUST163,Female,64,56+,Clothing,3,50,150
164,2023-05-15,May,CUST164,Female,47,46–55,Beauty,3,500,1500
165,2023-09-14,September,CUST165,Female,60,56+,Clothing,4,300,1200
166,2023-04-02,April,CUST166,Male,34,26–35,Clothing,4,500,2000
167,2023-09-17,September,CUST167,Female,43,36–45,Clothing,3,50,150
168,2023-02-24,February,CUST168,Male,53,46–55,Clothing,1,300,300
169,2023-11-17,November,CUST169,Male,18,18–25,Beauty,3,500,1500
170,2023-06-02,June,CUST170,Female,25,18–25,Clothing,2,25,50
171,2023-11-24,November,CUST171,Female,52,46–55,Clothing,3,300,900
172,2023-09-17,September,CUST172,Male,32,26–35,Beauty,2,25,50
173,2023-11-08,November,CUST173,Male,64,56+,Electronics,4,30,120
174,2023-04-12,April,CUST174,Female,39,36–45,Beauty,1,300,300
175,2023-03-20,March,CUST175,Female,31,26–35,Electronics,4,25,100
176,2023-07-11,July,CUST176,Female,43,36–45,Beauty,2,50,100
177,2023-03-24,March,CUST177,Male,45,36–45,Beauty,2,50,100
178,2023-10-04,October,CUST178,Male,40,36–45,Clothing,2,30,60
179,2023-09-29,September,CUST179,Male,31,26–35,Electronics,1,300,300
180,2023-01-01,January,CUST180,Male,41,36–45,Clothing,3,300,900
181,2023-11-03,November,CUST181,Male,19,18–25,Electronics,4,300,1200
182,2023-06-15,June,CUST182,Male,62,56+,Beauty,4,30,120
183,2023-09-08,September,CUST183,Female,43,36–45,Beauty,3,300,900
184,2023-01-10,January,CUST184,Male,31,26–35,Electronics,4,50,200
185,2023-02-27,February,CUST185,Male,24,18–25,Clothing,1,25,25
186,2023-07-05,July,CUST186,Male,20,18–25,Clothing,4,50,200
187,2023-06-07,June,CUST187,Female,64,56+,Clothing,2,50,100
188,2023-05-03,May,CUST188,Male,40,36–45,Clothing,3,25,75
189,2023-01-30,January,CUST189,Male,63,56+,Beauty,1,50,50
190,2023-05-04,May,CUST190,Female,60,56+,Beauty,3,30,90
191,2023-10-18,October,CUST191,Male,64,56+,Beauty,1,25,25
192,2023-02-10,February,CUST192,Male,62,56+,Beauty,2,50,100
193,2023-02-13,February,CUST193,Male,35,26–35,Beauty,3,500,1500
194,2023-09-06,September,CUST194,Male,55,46–55,Clothing,4,50,200
195,2023-02-05,February,CUST195,Male,52,46–55,Clothing,1,30,30
196,2023-09-30,September,CUST196,Female,32,26–35,Clothing,3,300,900
197,2023-03-06,March,CUST197,Female,42,36–45,Clothing,4,50,200
198,2023-03-07,March,CUST198,Female,54,46–55,Beauty,3,300,900
199,2023-12-04,December,CUST199,Male,45,36–45,Beauty,3,500,1500
200,2023-09-01,September,CUST200,Male,27,26–35,Beauty,3,50,150
201,2023-10-09,October,CUST201,Male,56,56+,Electronics,1,25,25
202,2023-03-26,March,CUST202,Female,34,26–35,Clothing,4,300,1200
203,2023-05-16,May,CUST203,Male,56,56+,Clothing,2,500,1000
204,2023-09-28,September,CUST204,Male,39,36–45,Beauty,1,25,25
205,2023-11-07,November,CUST205,Female,43,36–45,Clothing,1,25,25
206,2023-08-05,August,CUST206,Male,61,56+,Clothing,1,25,25
207,2023-04-19,April,CUST207,Female,42,36–45,Beauty,2,25,50
208,2023-10-04,October,CUST208,Female,34,26–35,Electronics,4,50,200
209,2023-12-20,December,CUST209,Female,30,26–35,Electronics,4,50,200
210,2023-04-13,April,CUST210,Male,37,36–45,Electronics,4,50,200
211,2024-01-01,January,CUST211,Male,42,36–45,Beauty,3,500,1500
212,2023-06-09,June,CUST212,Male,21,18–25,Clothing,3,500,1500
213,2023-07-24,July,CUST213,Male,27,26–35,Beauty,3,500,1500
214,2023-12-10,December,CUST214,Male,20,18–25,Beauty,2,30,60
215,2023-11-29,November,CUST215,Male,58,56+,Clothing,3,500,1500
216,2023-07-11,July,CUST216,Male,62,56+,Electronics,2,50,100
217,2023-08-13,August,CUST217,Female,35,26–35,Electronics,4,50,200
218,2023-09-22,September,CUST218,Male,64,56+,Beauty,3,30,90
219,2023-08-20,August,CUST219,Female,53,46–55,Electronics,3,30,90
220,2023-03-03,March,CUST220,Male,64,56+,Beauty,1,500,500
221,2023-05-07,May,CUST221,Male,39,36–45,Beauty,2,300,600
222,2023-04-26,April,CUST222,Male,51,46–55,Clothing,4,30,120
223,2023-02-02,February,CUST223,Female,64,56+,Clothing,1,25,25
224,2023-06-23,June,CUST224,Female,25,18–25,Clothing,1,50,50
225,2023-01-11,January,CUST225,Female,57,56+,Beauty,4,25,100
226,2023-10-29,October,CUST226,Female,61,56+,Clothing,1,50,50
227,2023-10-11,October,CUST227,Male,36,36–45,Electronics,2,50,100
228,2023-04-28,April,CUST228,Female,59,56+,Electronics,2,30,60
229,2023-10-29,October,CUST229,Male,58,56+,Beauty,3,30,90
230,2023-04-23,April,CUST230,Male,54,46–55,Beauty,1,25,25
231,2023-01-04,January,CUST231,Female,23,18–25,Clothing,3,50,150
232,2023-02-06,February,CUST232,Female,43,36–45,Beauty,1,25,25
233,2023-12-29,December,CUST233,Female,51,46–55,Beauty,2,300,600
234,2023-11-20,November,CUST234,Female,62,56+,Electronics,2,25,50
235,2023-01-31,January,CUST235,Female,23,18–25,Electronics,2,500,1000
236,2023-04-28,April,CUST236,Female,54,46–55,Clothing,1,25,25
237,2023-02-04,February,CUST237,Female,50,46–55,Beauty,2,500,1000
238,2023-01-17,January,CUST238,Female,39,36–45,Beauty,1,500,500
239,2023-06-19,June,CUST239,Male,38,36–45,Electronics,3,500,1500
240,2023-02-06,February,CUST240,Female,23,18–25,Beauty,1,300,300
241,2023-09-21,September,CUST241,Female,23,18–25,Electronics,3,25,75
242,2023-05-02,May,CUST242,Male,21,18–25,Clothing,1,25,25
243,2023-05-23,May,CUST243,Female,47,46–55,Electronics,3,300,900
244,2023-12-09,December,CUST244,Male,28,26–35,Beauty,2,50,100
245,2023-09-06,September,CUST245,Male,47,46–55,Clothing,3,30,90
246,2023-04-20,April,CUST246,Female,48,46–55,Electronics,2,25,50
247,2023-10-04,October,CUST247,Male,41,36–45,Electronics,2,30,60
248,2023-03-09,March,CUST248,Male,26,26–35,Clothing,3,300,900
249,2023-10-20,October,CUST249,Male,20,18–25,Clothing,1,50,50
250,2023-10-23,October,CUST250,Male,48,46–55,Electronics,1,50,50
251,2023-08-31,August,CUST251,Female,57,56+,Beauty,4,50,200
252,2023-05-05,May,CUST252,Male,54,46–55,Electronics,1,300,300
253,2023-08-31,August,CUST253,Female,53,46–55,Clothing,4,500,2000
254,2023-07-28,July,CUST254,Male,41,36–45,Electronics,1,500,500
255,2023-04-08,April,CUST255,Male,48,46–55,Clothing,1,30,30
256,2023-02-18,February,CUST256,Male,23,18–25,Clothing,2,500,1000
257,2023-02-19,February,CUST257,Male,19,18–25,Beauty,4,500,2000
258,2023-12-04,December,CUST258,Female,37,36–45,Clothing,1,50,50
259,2023-08-09,August,CUST259,Female,45,36–45,Clothing,4,50,200
260,2023-07-01,July,CUST260,Male,28,26–35,Beauty,2,30,60
261,2023-08-05,August,CUST261,Male,21,18–25,Clothing,2,25,50
262,2023-07-30,July,CUST262,Female,32,26–35,Beauty,4,30,120
263,2023-08-28,August,CUST263,Male,23,18–25,Beauty,2,30,60
264,2023-01-28,January,CUST264,Male,47,46–55,Clothing,3,300,900
265,2023-12-11,December,CUST265,Male,55,46–55,Clothing,3,300,900
266,2023-12-01,December,CUST266,Female,19,18–25,Electronics,2,30,60
267,2023-11-27,November,CUST267,Female,32,26–35,Beauty,3,30,90
268,2023-02-20,February,CUST268,Female,28,26–35,Electronics,1,30,30
269,2023-02-01,February,CUST269,Male,25,18–25,Clothing,4,500,2000
270,2023-07-26,July,CUST270,Male,43,36–45,Electronics,1,300,300
271,2023-06-23,June,CUST271,Female,62,56+,Beauty,4,30,120
272,2023-02-25,February,CUST272,Female,61,56+,Electronics,2,50,100
273,2023-05-08,May,CUST273,Female,22,18–25,Beauty,1,50,50
274,2023-04-09,April,CUST274,Female,23,18–25,Clothing,2,500,1000
275,2023-04-08,April,CUST275,Male,43,36–45,Clothing,2,500,1000
276,2023-10-02,October,CUST276,Female,21,18–25,Beauty,4,25,100
277,2023-08-18,August,CUST277,Male,36,36–45,Clothing,4,25,100
278,2023-03-13,March,CUST278,Female,37,36–45,Clothing,4,25,100
279,2023-08-05,August,CUST279,Male,50,46–55,Clothing,1,500,500
280,2023-04-04,April,CUST280,Female,37,36–45,Clothing,3,500,1500
281,2023-05-23,May,CUST281,Female,29,26–35,Beauty,4,500,2000
282,2023-08-25,August,CUST282,Female,64,56+,Electronics,4,50,200
283,2023-05-08,May,CUST283,Female,18,18–25,Electronics,1,500,500
284,2023-02-08,February,CUST284,Male,43,36–45,Clothing,4,50,200
285,2023-08-15,August,CUST285,Female,31,26–35,Electronics,1,25,25
286,2023-10-09,October,CUST286,Male,55,46–55,Electronics,2,25,50
287,2023-02-20,February,CUST287,Male,54,46–55,Clothing,4,25,100
288,2023-01-26,January,CUST288,Male,28,26–35,Clothing,4,30,120
289,2023-11-30,November,CUST289,Male,53,46–55,Electronics,2,30,60
290,2023-10-04,October,CUST290,Female,30,26–35,Beauty,2,300,600
291,2023-01-08,January,CUST291,Male,60,56+,Clothing,2,300,600
292,2023-02-17,February,CUST292,Male,20,18–25,Beauty,4,300,1200
293,2023-05-02,May,CUST293,Male,50,46–55,Electronics,3,30,90
294,2023-03-27,March,CUST294,Female,23,18–25,Clothing,3,30,90
295,2023-07-28,July,CUST295,Female,27,26–35,Beauty,3,300,900
296,2023-09-06,September,CUST296,Female,22,18–25,Clothing,4,300,1200
297,2023-09-04,September,CUST297,Female,40,36–45,Electronics,2,500,1000
298,2023-04-20,April,CUST298,Male,27,26–35,Beauty,4,300,1200
299,2023-07-25,July,CUST299,Male,61,56+,Electronics,2,500,1000
300,2023-01-31,January,CUST300,Female,19,18–25,Electronics,4,50,200
301,2023-03-26,March,CUST301,Male,30,26–35,Clothing,4,30,120
302,2023-07-14,July,CUST302,Male,57,56+,Beauty,2,300,600
303,2023-01-02,January,CUST303,Male,19,18–25,Electronics,3,30,90
304,2023-07-19,July,CUST304,Female,37,36–45,Electronics,2,30,60
305,2023-05-16,May,CUST305,Female,18,18–25,Beauty,1,30,30
306,2023-08-21,August,CUST306,Male,54,46–55,Electronics,1,50,50
307,2023-05-27,May,CUST307,Female,26,26–35,Electronics,2,25,50
308,2023-08-05,August,CUST308,Female,34,26–35,Beauty,4,300,1200
309,2023-12-23,December,CUST309,Female,26,26–35,Beauty,1,25,25
310,2023-10-12,October,CUST310,Female,28,26–35,Beauty,1,25,25
311,2023-12-05,December,CUST311,Female,32,26–35,Beauty,4,25,100
312,2023-09-07,September,CUST312,Male,41,36–45,Clothing,4,30,120
313,2023-03-21,March,CUST313,Female,55,46–55,Beauty,3,500,1500
314,2023-04-08,April,CUST314,Male,52,46–55,Clothing,4,30,120
315,2023-06-01,June,CUST315,Male,47,46–55,Clothing,2,30,60
316,2023-04-22,April,CUST316,Female,48,46–55,Clothing,2,25,50
317,2023-01-30,January,CUST317,Male,22,18–25,Electronics,3,30,90
318,2023-10-24,October,CUST318,Male,61,56+,Clothing,1,25,25
319,2023-10-05,October,CUST319,Male,31,26–35,Clothing,1,500,500
320,2023-02-01,February,CUST320,Female,28,26–35,Electronics,4,300,1200
321,2023-06-10,June,CUST321,Female,26,26–35,Electronics,2,25,50
322,2023-01-30,January,CUST322,Male,51,46–55,Electronics,1,500,500
323,2023-01-26,January,CUST323,Female,29,26–35,Beauty,3,300,900
324,2023-10-27,October,CUST324,Female,52,46–55,Electronics,3,50,150
325,2023-09-02,September,CUST325,Female,52,46–55,Electronics,2,25,50
326,2023-09-15,September,CUST326,Female,18,18–25,Clothing,3,25,75
327,2023-09-29,September,CUST327,Male,57,56+,Electronics,3,50,150
328,2023-03-22,March,CUST328,Male,39,36–45,Beauty,2,50,100
329,2023-01-30,January,CUST329,Female,46,46–55,Electronics,4,25,100
330,2023-09-18,September,CUST330,Female,25,18–25,Beauty,4,50,200
331,2023-02-11,February,CUST331,Male,28,26–35,Electronics,3,30,90
332,2023-04-06,April,CUST332,Male,58,56+,Electronics,4,300,1200
333,2023-02-05,February,CUST333,Female,54,46–55,Electronics,4,300,1200
334,2023-11-01,November,CUST334,Male,31,26–35,Electronics,3,300,900
335,2023-02-04,February,CUST335,Female,47,46–55,Beauty,4,30,120
336,2023-12-12,December,CUST336,Female,52,46–55,Beauty,3,50,150
337,2023-05-01,May,CUST337,Male,38,36–45,Clothing,1,500,500
338,2023-07-26,July,CUST338,Male,54,46–55,Beauty,2,50,100
339,2023-03-03,March,CUST339,Female,22,18–25,Electronics,2,25,50
340,2023-10-19,October,CUST340,Female,36,36–45,Clothing,4,300,1200
341,2023-05-07,May,CUST341,Male,31,26–35,Clothing,4,50,200
342,2023-10-24,October,CUST342,Female,43,36–45,Clothing,4,500,2000
343,2023-11-01,November,CUST343,Male,21,18–25,Electronics,2,25,50
344,2023-01-21,January,CUST344,Female,42,36–45,Beauty,1,30,30
345,2023-11-14,November,CUST345,Male,62,56+,Electronics,1,30,30
346,2023-02-11,February,CUST346,Male,59,56+,Clothing,2,500,1000
347,2023-08-03,August,CUST347,Male,42,36–45,Electronics,1,25,25
348,2023-12-03,December,CUST348,Female,35,26–35,Electronics,2,300,600
349,2023-10-26,October,CUST349,Female,57,56+,Beauty,1,50,50
350,2023-10-17,October,CUST350,Male,25,18–25,Beauty,3,25,75
351,2023-09-25,September,CUST351,Female,56,56+,Clothing,3,30,90
352,2023-06-11,June,CUST352,Male,57,56+,Electronics,2,500,1000
353,2023-05-14,May,CUST353,Male,31,26–35,Electronics,1,500,500
354,2023-04-15,April,CUST354,Female,49,46–55,Beauty,4,50,200
355,2023-12-09,December,CUST355,Female,55,46–55,Electronics,1,500,500
356,2023-06-10,June,CUST356,Male,50,46–55,Electronics,3,500,1500
357,2023-05-03,May,CUST357,Female,40,36–45,Electronics,3,25,75
358,2023-05-16,May,CUST358,Female,32,26–35,Beauty,1,300,300
359,2023-07-22,July,CUST359,Male,50,46–55,Clothing,1,50,50
360,2023-03-09,March,CUST360,Male,42,36–45,Clothing,4,25,100
361,2023-12-10,December,CUST361,Female,34,26–35,Electronics,4,300,1200
362,2023-11-27,November,CUST362,Male,50,46–55,Clothing,1,25,25
363,2023-06-03,June,CUST363,Male,64,56+,Beauty,1,25,25
364,2023-08-23,August,CUST364,Female,19,18–25,Beauty,1,500,500
365,2023-06-11,June,CUST365,Male,31,26–35,Clothing,1,300,300
366,2023-02-07,February,CUST366,Male,57,56+,Clothing,2,50,100
367,2023-01-05,January,CUST367,Female,57,56+,Electronics,1,50,50
368,2023-08-23,August,CUST368,Female,56,56+,Clothing,4,300,1200
369,2023-11-15,November,CUST369,Male,23,18–25,Electronics,3,500,1500
370,2023-10-16,October,CUST370,Male,23,18–25,Electronics,2,30,60
371,2023-02-21,February,CUST371,Female,20,18–25,Beauty,1,25,25
372,2023-02-07,February,CUST372,Female,24,18–25,Beauty,3,500,1500
373,2023-10-03,October,CUST373,Female,25,18–25,Beauty,2,300,600
374,2023-04-20,April,CUST374,Female,59,56+,Beauty,3,25,75
375,2023-09-17,September,CUST375,Male,32,26–35,Clothing,1,50,50
376,2023-05-16,May,CUST376,Female,64,56+,Beauty,1,30,30
377,2023-03-09,March,CUST377,Female,46,46–55,Clothing,4,50,200
378,2023-06-28,June,CUST378,Male,50,46–55,Beauty,1,300,300
379,2023-02-05,February,CUST379,Female,47,46–55,Clothing,1,25,25
380,2023-05-06,May,CUST380,Male,56,56+,Electronics,2,300,600
381,2023-07-09,July,CUST381,Female,44,36–45,Clothing,4,25,100
382,2023-05-26,May,CUST382,Female,53,46–55,Clothing,2,500,1000
383,2023-03-22,March,CUST383,Female,46,46–55,Beauty,3,30,90
384,2023-08-13,August,CUST384,Male,55,46–55,Clothing,1,500,500
385,2023-10-06,October,CUST385,Male,50,46–55,Electronics,3,500,1500
386,2023-12-27,December,CUST386,Female,54,46–55,Electronics,2,300,600
387,2023-06-04,June,CUST387,Male,44,36–45,Beauty,1,30,30
388,2023-11-10,November,CUST388,Male,50,46–55,Electronics,1,25,25
389,2023-12-01,December,CUST389,Male,21,18–25,Clothing,2,25,50
390,2023-09-28,September,CUST390,Male,39,36–45,Electronics,2,50,100
391,2023-01-05,January,CUST391,Male,19,18–25,Beauty,2,25,50
392,2023-12-08,December,CUST392,Male,27,26–35,Clothing,2,300,600
393,2023-10-11,October,CUST393,Female,22,18–25,Beauty,2,500,1000
394,2023-06-03,June,CUST394,Female,27,26–35,Clothing,1,500,500
395,2023-12-06,December,CUST395,Male,50,46–55,Electronics,2,500,1000
396,2023-02-23,February,CUST396,Female,55,46–55,Beauty,1,30,30
397,2023-03-10,March,CUST397,Female,30,26–35,Beauty,1,25,25
398,2023-05-16,May,CUST398,Female,48,46–55,Clothing,2,300,600
399,2023-03-01,March,CUST399,Female,64,56+,Beauty,2,30,60
400,2023-02-24,February,CUST400,Male,53,46–55,Clothing,4,50,200
401,2023-10-11,October,CUST401,Female,62,56+,Clothing,1,300,300
402,2023-03-21,March,CUST402,Female,41,36–45,Clothing,2,300,600
403,2023-05-20,May,CUST403,Male,32,26–35,Clothing,2,300,600
404,2023-05-25,May,CUST404,Male,46,46–55,Electronics,2,500,1000
405,2023-11-06,November,CUST405,Female,25,18–25,Clothing,4,300,1200
406,2023-04-18,April,CUST406,Female,22,18–25,Beauty,4,25,100
407,2023-06-25,June,CUST407,Female,46,46–55,Electronics,3,300,900
408,2023-04-15,April,CUST408,Female,64,56+,Beauty,1,500,500
409,2023-12-18,December,CUST409,Female,21,18–25,Electronics,3,300,900
410,2023-11-21,November,CUST410,Female,29,26–35,Clothing,2,50,100
411,2023-05-16,May,CUST411,Male,62,56+,Electronics,4,50,200
412,2023-09-16,September,CUST412,Female,19,18–25,Electronics,4,500,2000
413,2023-09-08,September,CUST413,Female,44,36–45,Beauty,3,25,75
414,2023-05-09,May,CUST414,Male,48,46–55,Beauty,4,25,100
415,2023-01-27,January,CUST415,Male,53,46–55,Clothing,2,30,60
416,2023-02-17,February,CUST416,Male,53,46–55,Electronics,4,500,2000
417,2023-11-21,November,CUST417,Male,43,36–45,Electronics,3,300,900
418,2023-08-05,August,CUST418,Female,60,56+,Electronics,2,500,1000
419,2023-05-22,May,CUST419,Female,44,36–45,Clothing,3,30,90
420,2023-01-23,January,CUST420,Female,22,18–25,Clothing,4,500,2000
421,2023-01-02,January,CUST421,Female,37,36–45,Clothing,3,500,1500
422,2023-06-20,June,CUST422,Female,28,26–35,Clothing,3,30,90
423,2023-03-08,March,CUST423,Female,27,26–35,Clothing,1,25,25
424,2023-11-23,November,CUST424,Male,57,56+,Beauty,4,300,1200
425,2023-05-15,May,CUST425,Female,55,46–55,Electronics,4,30,120
426,2023-03-24,March,CUST426,Male,23,18–25,Electronics,3,50,150
427,2023-08-15,August,CUST427,Male,25,18–25,Electronics,1,25,25
428,2023-10-10,October,CUST428,Female,40,36–45,Electronics,4,50,200
429,2023-12-28,December,CUST429,Male,64,56+,Electronics,2,25,50
430,2023-08-07,August,CUST430,Female,43,36–45,Electronics,3,300,900
431,2023-10-15,October,CUST431,Male,63,56+,Electronics,4,300,1200
432,2023-01-05,January,CUST432,Female,60,56+,Electronics,2,500,1000
433,2023-02-27,February,CUST433,Male,29,26–35,Beauty,4,50,200
434,2023-02-08,February,CUST434,Female,43,36–45,Electronics,2,25,50
435,2023-12-20,December,CUST435,Female,30,26–35,Beauty,3,300,900
436,2023-03-18,March,CUST436,Female,57,56+,Clothing,4,30,120
437,2023-10-07,October,CUST437,Female,35,26–35,Electronics,4,300,1200
438,2023-01-19,January,CUST438,Female,42,36–45,Clothing,1,30,30
439,2023-07-09,July,CUST439,Male,50,46–55,Clothing,3,25,75
440,2023-10-26,October,CUST440,Male,64,56+,Clothing,2,300,600
441,2023-10-10,October,CUST441,Male,57,56+,Beauty,4,300,1200
442,2023-03-17,March,CUST442,Female,60,56+,Clothing,4,25,100
443,2023-08-09,August,CUST443,Male,29,26–35,Clothing,2,300,600
444,2023-03-07,March,CUST444,Female,61,56+,Clothing,3,30,90
445,2023-01-22,January,CUST445,Female,53,46–55,Electronics,1,300,300
446,2023-06-07,June,CUST446,Male,21,18–25,Electronics,1,50,50
447,2023-07-06,July,CUST447,Male,22,18–25,Beauty,4,500,2000
448,2023-01-21,January,CUST448,Female,54,46–55,Beauty,2,30,60
449,2023-07-03,July,CUST449,Male,25,18–25,Electronics,4,50,200
450,2023-04-18,April,CUST450,Female,59,56+,Beauty,2,25,50
451,2023-12-16,December,CUST451,Female,45,36–45,Electronics,1,30,30
452,2023-05-08,May,CUST452,Female,48,46–55,Clothing,3,500,1500
453,2023-12-08,December,CUST453,Female,26,26–35,Clothing,2,500,1000
454,2023-02-22,February,CUST454,Female,46,46–55,Beauty,1,25,25
455,2023-07-01,July,CUST455,Male,31,26–35,Electronics,4,25,100
456,2023-10-14,October,CUST456,Male,57,56+,Electronics,2,30,60
457,2023-07-28,July,CUST457,Female,58,56+,Beauty,3,300,900
458,2023-11-14,November,CUST458,Female,39,36–45,Electronics,4,25,100
459,2023-03-21,March,CUST459,Male,28,26–35,Clothing,4,300,1200
460,2023-05-02,May,CUST460,Male,40,36–45,Beauty,1,50,50
461,2023-03-25,March,CUST461,Female,18,18–25,Beauty,2,500,1000
462,2023-04-01,April,CUST462,Male,63,56+,Electronics,4,300,1200
463,2023-07-31,July,CUST463,Female,54,46–55,Beauty,3,500,1500
464,2023-01-13,January,CUST464,Male,38,36–45,Electronics,2,300,600
465,2023-04-02,April,CUST465,Female,43,36–45,Electronics,3,50,150
466,2023-06-20,June,CUST466,Male,63,56+,Electronics,4,25,100
467,2023-07-30,July,CUST467,Female,53,46–55,Electronics,3,50,150
468,2023-12-09,December,CUST468,Male,40,36–45,Electronics,1,25,25
469,2023-05-08,May,CUST469,Male,18,18–25,Beauty,3,25,75
470,2023-05-17,May,CUST470,Female,57,56+,Clothing,2,500,1000
471,2023-03-23,March,CUST471,Male,32,26–35,Clothing,3,50,150
472,2023-12-26,December,CUST472,Female,38,36–45,Beauty,3,300,900
473,2023-02-25,February,CUST473,Male,64,56+,Beauty,1,50,50
474,2023-07-15,July,CUST474,Female,26,26–35,Clothing,3,500,1500
475,2023-01-20,January,CUST475,Male,26,26–35,Clothing,3,25,75
476,2023-08-29,August,CUST476,Female,27,26–35,Clothing,4,500,2000
477,2023-04-24,April,CUST477,Male,43,36–45,Clothing,4,30,120
478,2023-04-13,April,CUST478,Female,58,56+,Clothing,2,30,60
479,2023-08-24,August,CUST479,Male,52,46–55,Electronics,4,300,1200
480,2023-06-29,June,CUST480,Female,42,36–45,Beauty,4,500,2000
481,2023-06-06,June,CUST481,Female,43,36–45,Electronics,4,300,1200
482,2023-04-27,April,CUST482,Female,28,26–35,Clothing,4,300,1200
483,2023-04-25,April,CUST483,Male,55,46–55,Clothing,1,30,30
484,2023-01-13,January,CUST484,Female,19,18–25,Clothing,4,300,1200
485,2023-12-04,December,CUST485,Male,24,18–25,Electronics,1,30,30
486,2023-04-09,April,CUST486,Female,35,26–35,Electronics,1,25,25
487,2023-07-24,July,CUST487,Male,44,36–45,Clothing,4,500,2000
488,2023-06-18,June,CUST488,Female,51,46–55,Electronics,3,300,900
489,2023-05-23,May,CUST489,Male,44,36–45,Electronics,1,30,30
490,2023-02-05,February,CUST490,Male,34,26–35,Clothing,3,50,150
491,2023-05-23,May,CUST491,Female,60,56+,Electronics,3,300,900
492,2023-06-29,June,CUST492,Male,61,56+,Beauty,4,25,100
493,2023-11-25,November,CUST493,Male,41,36–45,Beauty,2,25,50
494,2023-09-18,September,CUST494,Female,42,36–45,Beauty,4,50,200
495,2023-07-24,July,CUST495,Male,24,18–25,Beauty,2,30,60
496,2023-12-14,December,CUST496,Male,23,18–25,Clothing,2,300,600
497,2023-10-02,October,CUST497,Male,41,36–45,Clothing,4,30,120
498,2023-06-19,June,CUST498,Female,50,46–55,Clothing,4,25,100
499,2023-01-15,January,CUST499,Male,46,46–55,Beauty,2,30,60
500,2023-03-01,March,CUST500,Female,60,56+,Beauty,4,25,100
501,2023-05-14,May,CUST501,Male,39,36–45,Electronics,2,30,60
502,2023-04-02,April,CUST502,Male,43,36–45,Electronics,3,50,150
503,2023-10-25,October,CUST503,Male,45,36–45,Beauty,4,500,2000
504,2023-05-16,May,CUST504,Female,38,36–45,Beauty,3,50,150
505,2023-01-20,January,CUST505,Male,24,18–25,Beauty,1,50,50
506,2023-02-25,February,CUST506,Male,34,26–35,Beauty,3,500,1500
507,2023-11-02,November,CUST507,Female,37,36–45,Electronics,3,500,1500
508,2023-08-11,August,CUST508,Male,58,56+,Beauty,2,300,600
509,2023-06-26,June,CUST509,Female,37,36–45,Electronics,3,300,900
510,2023-06-10,June,CUST510,Female,39,36–45,Beauty,4,50,200
511,2023-08-12,August,CUST511,Male,45,36–45,Beauty,2,50,100
512,2023-11-07,November,CUST512,Female,57,56+,Beauty,1,25,25
513,2023-09-19,September,CUST513,Male,24,18–25,Electronics,4,25,100
514,2023-03-01,March,CUST514,Female,18,18–25,Electronics,1,300,300
515,2023-07-17,July,CUST515,Female,49,46–55,Clothing,3,300,900
516,2023-10-23,October,CUST516,Male,30,26–35,Beauty,4,25,100
517,2023-04-08,April,CUST517,Female,47,46–55,Clothing,4,25,100
518,2023-05-11,May,CUST518,Female,40,36–45,Clothing,1,30,30
519,2023-01-23,January,CUST519,Female,36,36–45,Electronics,4,30,120
520,2023-12-29,December,CUST520,Female,49,46–55,Electronics,4,25,100
521,2023-08-12,August,CUST521,Female,47,46–55,Clothing,4,30,120
522,2023-01-01,January,CUST522,Male,46,46–55,Beauty,3,500,1500
523,2023-09-24,September,CUST523,Female,62,56+,Electronics,1,300,300
524,2023-10-03,October,CUST524,Male,46,46–55,Beauty,4,300,1200
525,2023-12-18,December,CUST525,Female,47,46–55,Beauty,2,25,50
526,2023-12-10,December,CUST526,Male,33,26–35,Clothing,2,50,100
527,2023-04-11,April,CUST527,Male,57,56+,Clothing,2,25,50
528,2023-07-06,July,CUST528,Female,36,36–45,Clothing,2,30,60
529,2023-08-09,August,CUST529,Female,35,26–35,Clothing,3,50,150
530,2023-02-05,February,CUST530,Female,18,18–25,Electronics,4,30,120
531,2023-12-07,December,CUST531,Male,31,26–35,Electronics,1,500,500
532,2023-06-19,June,CUST532,Female,64,56+,Clothing,4,30,120
533,2023-11-16,November,CUST533,Male,19,18–25,Electronics,3,500,1500
534,2023-06-10,June,CUST534,Male,45,36–45,Clothing,2,500,1000
535,2023-12-06,December,CUST535,Male,47,46–55,Beauty,3,30,90
536,2023-03-05,March,CUST536,Female,55,46–55,Beauty,4,30,120
537,2023-06-03,June,CUST537,Female,21,18–25,Beauty,1,500,500
538,2023-09-17,September,CUST538,Male,18,18–25,Clothing,3,50,150
539,2023-06-08,June,CUST539,Male,25,18–25,Beauty,1,500,500
540,2023-12-08,December,CUST540,Female,46,46–55,Electronics,3,300,900
541,2023-07-29,July,CUST541,Male,56,56+,Beauty,1,500,500
542,2023-06-17,June,CUST542,Female,20,18–25,Beauty,1,50,50
543,2023-07-26,July,CUST543,Male,49,46–55,Beauty,2,300,600
544,2023-12-23,December,CUST544,Female,27,26–35,Electronics,1,25,25
545,2023-06-01,June,CUST545,Male,27,26–35,Clothing,2,25,50
546,2023-10-11,October,CUST546,Female,36,36–45,Electronics,4,50,200
547,2023-03-07,March,CUST547,Male,63,56+,Clothing,4,500,2000
548,2023-04-09,April,CUST548,Female,51,46–55,Clothing,2,30,60
549,2023-08-04,August,CUST549,Female,50,46–55,Beauty,2,50,100
550,2023-12-07,December,CUST550,Male,40,36–45,Clothing,3,300,900
551,2023-07-14,July,CUST551,Male,45,36–45,Electronics,3,300,900
552,2023-12-13,December,CUST552,Female,49,46–55,Electronics,3,25,75
553,2023-03-31,March,CUST553,Male,24,18–25,Clothing,4,300,1200
554,2023-11-12,November,CUST554,Female,46,46–55,Beauty,3,50,150
555,2023-10-19,October,CUST555,Male,25,18–25,Beauty,1,300,300
556,2023-06-04,June,CUST556,Female,18,18–25,Electronics,1,50,50
557,2023-07-27,July,CUST557,Female,20,18–25,Beauty,3,30,90
558,2023-10-08,October,CUST558,Female,41,36–45,Clothing,1,25,25
559,2023-01-01,January,CUST559,Female,40,36–45,Clothing,4,300,1200
560,2023-06-05,June,CUST560,Female,25,18–25,Electronics,1,50,50
561,2023-05-27,May,CUST561,Female,64,56+,Clothing,4,500,2000
562,2023-04-18,April,CUST562,Male,54,46–55,Electronics,2,25,50
563,2023-08-09,August,CUST563,Male,20,18–25,Clothing,2,30,60
564,2023-10-24,October,CUST564,Male,50,46–55,Electronics,2,50,100
565,2023-11-07,November,CUST565,Female,45,36–45,Beauty,2,30,60
566,2023-12-02,December,CUST566,Female,64,56+,Clothing,1,30,30
567,2023-06-14,June,CUST567,Female,25,18–25,Clothing,3,300,900
568,2023-08-27,August,CUST568,Female,51,46–55,Electronics,1,300,300
569,2023-08-15,August,CUST569,Male,52,46–55,Electronics,4,50,200
570,2023-08-15,August,CUST570,Male,49,46–55,Clothing,1,500,500
571,2023-12-12,December,CUST571,Female,41,36–45,Electronics,1,50,50
572,2023-04-20,April,CUST572,Male,31,26–35,Clothing,4,500,2000
573,2023-09-19,September,CUST573,Male,49,46–55,Beauty,2,30,60
574,2023-08-31,August,CUST574,Female,63,56+,Electronics,2,25,50
575,2023-03-28,March,CUST575,Male,60,56+,Clothing,2,50,100
576,2023-12-04,December,CUST576,Female,33,26–35,Beauty,3,50,150
577,2023-02-13,February,CUST577,Male,21,18–25,Beauty,4,500,2000
578,2023-05-26,May,CUST578,Female,54,46–55,Clothing,4,30,120
579,2023-09-21,September,CUST579,Female,38,36–45,Electronics,1,30,30
580,2023-12-06,December,CUST580,Female,31,26–35,Clothing,3,500,1500
581,2023-11-21,November,CUST581,Female,48,46–55,Beauty,2,30,60
582,2023-11-14,November,CUST582,Male,35,26–35,Clothing,3,300,900
583,2023-06-21,June,CUST583,Female,24,18–25,Electronics,4,25,100
584,2023-02-17,February,CUST584,Female,27,26–35,Beauty,4,50,200
585,2023-05-01,May,CUST585,Female,24,18–25,Clothing,1,25,25
586,2023-12-11,December,CUST586,Male,50,46–55,Electronics,1,50,50
587,2023-06-08,June,CUST587,Female,40,36–45,Beauty,4,300,1200
588,2023-04-26,April,CUST588,Male,38,36–45,Electronics,2,30,60
589,2023-04-12,April,CUST589,Female,36,36–45,Beauty,2,500,1000
590,2023-03-17,March,CUST590,Male,36,36–45,Clothing,3,300,900
591,2023-01-13,January,CUST591,Male,53,46–55,Electronics,4,25,100
592,2023-01-24,January,CUST592,Female,46,46–55,Beauty,4,500,2000
593,2023-05-06,May,CUST593,Male,35,26–35,Electronics,2,30,60
594,2023-09-01,September,CUST594,Female,19,18–25,Electronics,2,300,600
595,2023-11-09,November,CUST595,Female,18,18–25,Clothing,4,500,2000
596,2023-02-07,February,CUST596,Female,64,56+,Electronics,1,300,300
597,2023-08-22,August,CUST597,Male,22,18–25,Beauty,4,300,1200
598,2023-08-01,August,CUST598,Male,37,36–45,Beauty,4,30,120
599,2023-11-19,November,CUST599,Female,28,26–35,Beauty,2,50,100
600,2023-10-22,October,CUST600,Female,59,56+,Beauty,2,500,1000
601,2023-04-10,April,CUST601,Male,19,18–25,Clothing,1,30,30
602,2023-12-23,December,CUST602,Female,20,18–25,Electronics,1,300,300
603,2023-07-16,July,CUST603,Female,40,36–45,Clothing,3,30,90
604,2023-09-11,September,CUST604,Female,29,26–35,Electronics,4,50,200
605,2023-07-24,July,CUST605,Male,37,36–45,Electronics,2,500,1000
606,2023-05-05,May,CUST606,Male,22,18–25,Electronics,1,50,50
607,2023-03-17,March,CUST607,Male,54,46–55,Clothing,3,25,75
608,2023-12-02,December,CUST608,Female,55,46–55,Electronics,3,500,1500
609,2023-12-19,December,CUST609,Female,47,46–55,Clothing,2,50,100
610,2023-01-03,January,CUST610,Female,26,26–35,Beauty,2,300,600
611,2023-02-24,February,CUST611,Male,51,46–55,Beauty,3,500,1500
612,2023-08-06,August,CUST612,Female,61,56+,Electronics,1,500,500
613,2023-04-23,April,CUST613,Female,52,46–55,Clothing,3,30,90
614,2023-04-01,April,CUST614,Female,39,36–45,Beauty,4,300,1200
615,2023-12-23,December,CUST615,Female,61,56+,Clothing,4,25,100
616,2023-09-23,September,CUST616,Male,41,36–45,Clothing,2,50,100
617,2023-08-26,August,CUST617,Male,34,26–35,Electronics,1,30,30
618,2023-01-26,January,CUST618,Female,27,26–35,Beauty,1,50,50
619,2023-10-13,October,CUST619,Male,47,46–55,Electronics,4,25,100
620,2023-05-08,May,CUST620,Male,63,56+,Electronics,3,25,75
621,2023-03-04,March,CUST621,Female,40,36–45,Beauty,2,500,1000
622,2023-08-22,August,CUST622,Female,49,46–55,Beauty,3,25,75
623,2023-03-10,March,CUST623,Male,34,26–35,Clothing,3,50,150
624,2023-08-26,August,CUST624,Female,34,26–35,Beauty,3,300,900
625,2023-12-08,December,CUST625,Male,31,26–35,Clothing,1,300,300
626,2023-09-29,September,CUST626,Female,26,26–35,Clothing,4,500,2000
627,2023-10-14,October,CUST627,Male,57,56+,Clothing,1,50,50
628,2023-11-01,November,CUST628,Female,19,18–25,Beauty,4,50,200
629,2023-06-12,June,CUST629,Male,62,56+,Electronics,2,25,50
630,2023-08-15,August,CUST630,Male,42,36–45,Clothing,2,50,100
631,2023-11-10,November,CUST631,Male,56,56+,Electronics,3,30,90
632,2023-09-16,September,CUST632,Female,26,26–35,Electronics,4,25,100
633,2023-08-07,August,CUST633,Male,39,36–45,Beauty,4,30,120
634,2023-10-08,October,CUST634,Male,60,56+,Electronics,4,500,2000
635,2023-08-17,August,CUST635,Female,63,56+,Electronics,3,300,900
636,2023-03-23,March,CUST636,Female,21,18–25,Beauty,3,500,1500
637,2023-09-01,September,CUST637,Male,43,36–45,Clothing,2,300,600
638,2023-08-19,August,CUST638,Male,46,46–55,Electronics,1,500,500
639,2023-05-13,May,CUST639,Female,62,56+,Beauty,4,50,200
640,2023-05-07,May,CUST640,Female,51,46–55,Electronics,4,30,120
641,2023-11-23,November,CUST641,Female,40,36–45,Electronics,1,300,300
642,2023-05-22,May,CUST642,Female,54,46–55,Clothing,4,25,100
643,2023-09-24,September,CUST643,Female,28,26–35,Electronics,3,30,90
644,2023-09-06,September,CUST644,Male,23,18–25,Beauty,3,25,75
645,2023-11-17,November,CUST645,Female,35,26–35,Electronics,4,30,120
646,2023-05-03,May,CUST646,Male,38,36–45,Clothing,3,30,90
647,2023-05-21,May,CUST647,Male,59,56+,Clothing,3,500,1500
648,2023-08-14,August,CUST648,Male,53,46–55,Beauty,4,300,1200
649,2023-02-09,February,CUST649,Female,58,56+,Clothing,2,300,600
650,2024-01-01,January,CUST650,Male,55,46–55,Electronics,1,30,30
651,2023-05-27,May,CUST651,Male,51,46–55,Clothing,3,50,150
652,2023-05-01,May,CUST652,Female,34,26–35,Beauty,2,50,100
653,2023-05-20,May,CUST653,Male,54,46–55,Clothing,3,25,75
654,2023-06-21,June,CUST654,Male,42,36–45,Clothing,3,25,75
655,2023-06-13,June,CUST655,Female,55,46–55,Clothing,1,500,500
656,2023-10-04,October,CUST656,Male,29,26–35,Beauty,3,30,90
657,2023-02-11,February,CUST657,Male,40,36–45,Clothing,1,25,25
658,2023-03-12,March,CUST658,Male,59,56+,Clothing,1,25,25
659,2023-03-19,March,CUST659,Female,39,36–45,Electronics,1,30,30
660,2023-04-29,April,CUST660,Female,38,36–45,Beauty,2,500,1000
661,2023-07-16,July,CUST661,Female,44,36–45,Clothing,4,25,100
662,2023-12-22,December,CUST662,Male,48,46–55,Beauty,2,500,1000
663,2023-03-20,March,CUST663,Male,23,18–25,Clothing,4,300,1200
664,2023-12-28,December,CUST664,Female,44,36–45,Clothing,4,500,2000
665,2023-04-20,April,CUST665,Male,57,56+,Clothing,1,50,50
666,2023-02-02,February,CUST666,Male,51,46–55,Electronics,3,50,150
667,2023-08-01,August,CUST667,Female,29,26–35,Electronics,1,500,500
668,2023-07-28,July,CUST668,Female,62,56+,Electronics,3,50,150
669,2023-06-19,June,CUST669,Male,24,18–25,Beauty,4,300,1200
670,2023-10-05,October,CUST670,Male,27,26–35,Beauty,1,30,30
671,2023-08-27,August,CUST671,Male,62,56+,Electronics,3,50,150
672,2023-08-01,August,CUST672,Female,34,26–35,Beauty,2,50,100
673,2023-02-01,February,CUST673,Female,43,36–45,Clothing,3,500,1500
674,2023-04-16,April,CUST674,Female,38,36–45,Clothing,1,300,300
675,2023-08-04,August,CUST675,Female,45,36–45,Clothing,2,30,60
676,2023-07-19,July,CUST676,Male,63,56+,Electronics,3,500,1500
677,2023-10-27,October,CUST677,Female,19,18–25,Beauty,3,500,1500
678,2023-12-23,December,CUST678,Female,60,56+,Electronics,3,300,900
679,2023-01-11,January,CUST679,Female,18,18–25,Beauty,3,30,90
680,2023-10-22,October,CUST680,Female,53,46–55,Clothing,3,300,900
681,2023-07-14,July,CUST681,Female,43,36–45,Electronics,2,30,60
682,2023-09-02,September,CUST682,Male,46,46–55,Beauty,4,300,1200
683,2023-01-04,January,CUST683,Male,38,36–45,Beauty,2,500,1000
684,2023-06-30,June,CUST684,Female,28,26–35,Clothing,2,500,1000
685,2023-06-02,June,CUST685,Male,57,56+,Electronics,2,25,50
686,2023-07-19,July,CUST686,Female,28,26–35,Electronics,4,50,200
687,2023-08-03,August,CUST687,Female,53,46–55,Electronics,1,300,300
688,2023-10-03,October,CUST688,Male,56,56+,Clothing,4,25,100
689,2023-10-07,October,CUST689,Male,57,56+,Electronics,2,50,100
690,2023-11-05,November,CUST690,Female,52,46–55,Clothing,3,300,900
691,2023-04-23,April,CUST691,Female,51,46–55,Clothing,3,30,90
692,2023-09-07,September,CUST692,Female,64,56+,Clothing,2,50,100
693,2023-04-23,April,CUST693,Male,41,36–45,Beauty,3,500,1500
694,2023-05-20,May,CUST694,Female,39,36–45,Electronics,2,25,50
695,2023-08-12,August,CUST695,Female,22,18–25,Electronics,3,50,150
696,2023-09-06,September,CUST696,Female,50,46–55,Clothing,4,50,200
697,2023-01-15,January,CUST697,Male,53,46–55,Clothing,1,500,500
698,2023-07-19,July,CUST698,Female,64,56+,Electronics,1,300,300
699,2023-06-22,June,CUST699,Female,37,36–45,Clothing,4,30,120
700,2023-12-09,December,CUST700,Male,36,36–45,Electronics,4,500,2000
701,2023-12-14,December,CUST701,Female,52,46–55,Beauty,2,30,60
702,2023-07-27,July,CUST702,Female,60,56+,Clothing,2,300,600
703,2023-03-26,March,CUST703,Male,34,26–35,Electronics,2,50,100
704,2023-08-28,August,CUST704,Female,62,56+,Clothing,3,30,90
705,2023-03-07,March,CUST705,Male,60,56+,Electronics,2,25,50
706,2023-11-15,November,CUST706,Male,51,46–55,Electronics,4,25,100
707,2023-10-01,October,CUST707,Female,26,26–35,Clothing,1,500,500
708,2023-01-14,January,CUST708,Female,43,36–45,Beauty,3,300,900
709,2023-07-21,July,CUST709,Female,19,18–25,Electronics,2,500,1000
710,2023-10-31,October,CUST710,Female,26,26–35,Electronics,3,500,1500
711,2023-10-16,October,CUST711,Male,26,26–35,Electronics,3,500,1500
712,2023-12-06,December,CUST712,Female,57,56+,Beauty,2,25,50
713,2023-01-14,January,CUST713,Male,34,26–35,Beauty,3,25,75
714,2023-02-12,February,CUST714,Female,18,18–25,Clothing,1,500,500
715,2023-11-26,November,CUST715,Female,42,36–45,Beauty,4,25,100
716,2023-08-08,August,CUST716,Female,60,56+,Clothing,4,300,1200
717,2023-03-11,March,CUST717,Male,57,56+,Clothing,1,500,500
718,2023-08-25,August,CUST718,Female,59,56+,Beauty,3,25,75
719,2023-04-04,April,CUST719,Female,42,36–45,Clothing,2,30,60
720,2023-01-26,January,CUST720,Female,56,56+,Beauty,3,500,1500
721,2023-05-14,May,CUST721,Female,52,46–55,Clothing,1,500,500
722,2023-07-14,July,CUST722,Male,20,18–25,Beauty,3,300,900
723,2023-06-17,June,CUST723,Female,54,46–55,Beauty,4,50,200
724,2023-04-19,April,CUST724,Male,61,56+,Clothing,3,50,150
725,2023-08-21,August,CUST725,Male,61,56+,Electronics,1,300,300
726,2023-06-17,June,CUST726,Male,47,46–55,Clothing,4,300,1200
727,2023-06-22,June,CUST727,Male,55,46–55,Beauty,3,300,900
728,2023-07-14,July,CUST728,Male,51,46–55,Electronics,3,50,150
729,2023-05-23,May,CUST729,Male,29,26–35,Clothing,4,300,1200
730,2023-08-04,August,CUST730,Female,36,36–45,Clothing,2,25,50
731,2023-05-10,May,CUST731,Male,54,46–55,Clothing,4,500,2000
732,2023-02-11,February,CUST732,Male,61,56+,Electronics,2,500,1000
733,2023-08-29,August,CUST733,Male,34,26–35,Beauty,1,30,30
734,2023-01-10,January,CUST734,Female,27,26–35,Clothing,1,30,30
735,2023-10-04,October,CUST735,Female,64,56+,Clothing,4,500,2000
736,2023-01-27,January,CUST736,Male,29,26–35,Clothing,4,25,100
737,2023-06-29,June,CUST737,Female,33,26–35,Clothing,1,50,50
738,2023-04-25,April,CUST738,Male,41,36–45,Clothing,2,50,100
739,2023-11-29,November,CUST739,Male,36,36–45,Beauty,1,25,25
740,2023-02-05,February,CUST740,Female,25,18–25,Beauty,4,50,200
741,2023-11-30,November,CUST741,Male,48,46–55,Clothing,1,300,300
742,2023-01-21,January,CUST742,Female,38,36–45,Electronics,4,500,2000
743,2023-01-16,January,CUST743,Female,34,26–35,Beauty,4,500,2000
744,2023-05-07,May,CUST744,Male,40,36–45,Electronics,1,25,25
745,2023-04-13,April,CUST745,Male,54,46–55,Beauty,2,50,100
746,2023-01-11,January,CUST746,Female,33,26–35,Clothing,3,30,90
747,2023-11-15,November,CUST747,Male,23,18–25,Beauty,1,30,30
748,2023-03-20,March,CUST748,Male,25,18–25,Clothing,3,50,150
749,2023-05-03,May,CUST749,Male,42,36–45,Beauty,1,30,30
750,2023-03-06,March,CUST750,Female,35,26–35,Clothing,3,25,75
751,2023-08-31,August,CUST751,Female,42,36–45,Clothing,2,25,50
752,2023-12-09,December,CUST752,Male,29,26–35,Clothing,2,50,100
753,2023-02-28,February,CUST753,Female,32,26–35,Clothing,1,30,30
754,2023-10-16,October,CUST754,Female,43,36–45,Electronics,4,25,100
755,2023-04-22,April,CUST755,Female,58,56+,Clothing,3,25,75
756,2023-08-27,August,CUST756,Female,62,56+,Electronics,4,300,1200
757,2023-12-25,December,CUST757,Female,43,36–45,Electronics,4,300,1200
758,2023-05-12,May,CUST758,Male,64,56+,Clothing,4,25,100
759,2023-07-08,July,CUST759,Male,49,46–55,Electronics,2,50,100
760,2023-03-27,March,CUST760,Male,27,26–35,Beauty,1,500,500
761,2023-11-07,November,CUST761,Female,33,26–35,Clothing,1,500,500
762,2023-11-07,November,CUST762,Female,24,18–25,Electronics,2,25,50
763,2023-02-28,February,CUST763,Male,34,26–35,Clothing,2,25,50
764,2023-03-25,March,CUST764,Female,40,36–45,Clothing,1,25,25
765,2023-06-09,June,CUST765,Male,43,36–45,Clothing,4,50,200
766,2023-02-25,February,CUST766,Male,38,36–45,Electronics,3,300,900
767,2023-10-24,October,CUST767,Male,39,36–45,Beauty,3,25,75
768,2023-01-14,January,CUST768,Female,24,18–25,Beauty,3,25,75
769,2023-06-09,June,CUST769,Female,31,26–35,Electronics,4,30,120
770,2023-10-22,October,CUST770,Male,32,26–35,Clothing,1,50,50
771,2023-12-13,December,CUST771,Male,24,18–25,Electronics,2,25,50
772,2023-07-12,July,CUST772,Male,26,26–35,Electronics,1,30,30
773,2023-07-23,July,CUST773,Male,25,18–25,Electronics,4,500,2000
774,2023-04-12,April,CUST774,Female,40,36–45,Clothing,2,25,50
775,2023-02-08,February,CUST775,Female,46,46–55,Electronics,4,25,100
776,2023-10-31,October,CUST776,Male,35,26–35,Clothing,3,30,90
777,2023-12-20,December,CUST777,Male,48,46–55,Electronics,3,50,150
778,2023-11-18,November,CUST778,Female,47,46–55,Beauty,4,25,100
779,2023-05-05,May,CUST779,Female,56,56+,Electronics,2,500,1000
780,2023-02-22,February,CUST780,Male,52,46–55,Electronics,2,25,50
781,2023-12-23,December,CUST781,Male,35,26–35,Beauty,1,500,500
782,2023-06-04,June,CUST782,Male,59,56+,Clothing,3,300,900
783,2023-12-17,December,CUST783,Female,56,56+,Clothing,1,300,300
784,2023-11-04,November,CUST784,Female,34,26–35,Electronics,1,500,500
785,2023-03-03,March,CUST785,Female,31,26–35,Beauty,4,50,200
786,2023-10-17,October,CUST786,Male,48,46–55,Clothing,4,25,100
787,2023-01-22,January,CUST787,Male,41,36–45,Electronics,1,25,25
788,2023-06-27,June,CUST788,Female,52,46–55,Beauty,3,300,900
789,2023-09-30,September,CUST789,Female,61,56+,Clothing,4,500,2000
790,2023-08-08,August,CUST790,Male,62,56+,Clothing,1,25,25
791,2023-12-05,December,CUST791,Female,51,46–55,Beauty,1,25,25
792,2023-07-09,July,CUST792,Female,20,18–25,Beauty,1,50,50
793,2023-02-05,February,CUST793,Male,54,46–55,Beauty,1,30,30
794,2023-09-17,September,CUST794,Female,60,56+,Beauty,1,300,300
795,2023-11-28,November,CUST795,Male,57,56+,Electronics,1,300,300
796,2023-06-24,June,CUST796,Male,43,36–45,Beauty,4,30,120
797,2023-01-07,January,CUST797,Male,40,36–45,Clothing,3,25,75
798,2023-08-04,August,CUST798,Male,61,56+,Clothing,1,50,50
799,2023-09-08,September,CUST799,Male,56,56+,Electronics,2,50,100
800,2023-02-24,February,CUST800,Male,32,26–35,Clothing,4,300,1200
801,2023-08-10,August,CUST801,Male,21,18–25,Clothing,4,50,200
802,2023-07-05,July,CUST802,Female,46,46–55,Beauty,1,30,30
803,2023-11-22,November,CUST803,Male,39,36–45,Clothing,4,25,100
804,2023-08-24,August,CUST804,Male,42,36–45,Electronics,1,30,30
805,2023-12-29,December,CUST805,Female,30,26–35,Beauty,3,500,1500
806,2023-03-20,March,CUST806,Female,35,26–35,Beauty,3,300,900
807,2023-08-11,August,CUST807,Female,50,46–55,Electronics,4,50,200
808,2023-04-01,April,CUST808,Male,33,26–35,Beauty,4,500,2000
809,2023-09-25,September,CUST809,Female,62,56+,Beauty,2,50,100
810,2023-11-30,November,CUST810,Male,59,56+,Electronics,4,25,100
811,2023-05-19,May,CUST811,Male,61,56+,Beauty,2,25,50
812,2023-11-12,November,CUST812,Male,19,18–25,Electronics,3,25,75
813,2023-10-03,October,CUST813,Male,52,46–55,Electronics,3,50,150
814,2023-09-05,September,CUST814,Female,59,56+,Clothing,1,500,500
815,2023-08-27,August,CUST815,Female,51,46–55,Clothing,3,25,75
816,2023-08-12,August,CUST816,Male,47,46–55,Beauty,2,500,1000
817,2023-10-31,October,CUST817,Male,30,26–35,Beauty,4,50,200
818,2023-05-18,May,CUST818,Male,30,26–35,Electronics,1,500,500
819,2023-06-15,June,CUST819,Female,35,26–35,Beauty,2,50,100
820,2023-05-06,May,CUST820,Male,49,46–55,Electronics,4,50,200
821,2023-02-14,February,CUST821,Male,49,46–55,Electronics,1,300,300
822,2023-05-23,May,CUST822,Female,52,46–55,Beauty,3,50,150
823,2023-08-19,August,CUST823,Female,56,56+,Electronics,2,50,100
824,2023-05-05,May,CUST824,Male,63,56+,Clothing,4,30,120
825,2023-08-26,August,CUST825,Female,46,46–55,Beauty,1,25,25
826,2023-10-19,October,CUST826,Female,46,46–55,Clothing,1,300,300
827,2023-11-09,November,CUST827,Male,61,56+,Beauty,3,300,900
828,2023-12-09,December,CUST828,Female,33,26–35,Electronics,4,300,1200
829,2023-07-14,July,CUST829,Male,61,56+,Beauty,3,30,90
830,2023-06-22,June,CUST830,Female,64,56+,Clothing,3,50,150
831,2023-01-15,January,CUST831,Male,27,26–35,Electronics,4,25,100
832,2023-09-11,September,CUST832,Male,47,46–55,Beauty,4,500,2000
833,2023-06-16,June,CUST833,Male,42,36–45,Beauty,4,50,200
834,2023-04-04,April,CUST834,Female,56,56+,Beauty,2,30,60
835,2023-09-07,September,CUST835,Male,37,36–45,Clothing,4,50,200
836,2023-04-19,April,CUST836,Female,22,18–25,Clothing,1,50,50
837,2023-07-01,July,CUST837,Male,18,18–25,Beauty,3,30,90
838,2023-05-13,May,CUST838,Male,47,46–55,Electronics,2,300,600
839,2023-06-24,June,CUST839,Female,20,18–25,Electronics,4,300,1200
840,2023-05-24,May,CUST840,Male,62,56+,Clothing,2,25,50
841,2023-11-02,November,CUST841,Male,31,26–35,Electronics,4,25,100
842,2023-12-26,December,CUST842,Female,47,46–55,Clothing,2,300,600
843,2023-05-22,May,CUST843,Male,21,18–25,Beauty,3,500,1500
844,2023-10-12,October,CUST844,Male,35,26–35,Clothing,3,50,150
845,2023-01-06,January,CUST845,Male,54,46–55,Clothing,1,500,500
846,2023-09-22,September,CUST846,Male,42,36–45,Beauty,1,50,50
847,2023-04-08,April,CUST847,Female,18,18–25,Electronics,4,300,1200
848,2023-02-13,February,CUST848,Female,63,56+,Clothing,3,25,75
849,2023-05-04,May,CUST849,Male,32,26–35,Clothing,2,25,50
850,2023-07-28,July,CUST850,Female,26,26–35,Beauty,2,500,1000
851,2023-09-08,September,CUST851,Male,32,26–35,Electronics,2,25,50
852,2023-10-12,October,CUST852,Female,41,36–45,Clothing,1,300,300
853,2023-05-04,May,CUST853,Male,21,18–25,Beauty,2,500,1000
854,2023-12-20,December,CUST854,Male,29,26–35,Clothing,1,50,50
855,2023-09-01,September,CUST855,Male,54,46–55,Beauty,1,25,25
856,2023-11-27,November,CUST856,Male,54,46–55,Electronics,4,30,120
857,2023-12-31,December,CUST857,Male,60,56+,Electronics,2,25,50
858,2023-09-09,September,CUST858,Male,23,18–25,Electronics,2,50,100
859,2023-08-18,August,CUST859,Female,56,56+,Electronics,3,500,1500
860,2023-01-09,January,CUST860,Male,63,56+,Clothing,4,50,200
861,2023-02-17,February,CUST861,Female,41,36–45,Clothing,3,30,90
862,2023-05-31,May,CUST862,Male,28,26–35,Electronics,4,300,1200
863,2023-04-24,April,CUST863,Female,30,26–35,Electronics,2,25,50
864,2023-07-27,July,CUST864,Female,51,46–55,Electronics,1,500,500
865,2023-12-21,December,CUST865,Female,42,36–45,Clothing,1,300,300
866,2023-05-05,May,CUST866,Male,24,18–25,Electronics,1,50,50
867,2023-06-06,June,CUST867,Male,21,18–25,Electronics,1,500,500
868,2023-12-06,December,CUST868,Female,25,18–25,Electronics,1,300,300
869,2023-10-25,October,CUST869,Male,37,36–45,Beauty,3,500,1500
870,2023-07-08,July,CUST870,Female,46,46–55,Electronics,4,30,120
871,2023-08-31,August,CUST871,Male,62,56+,Beauty,2,30,60
872,2023-10-11,October,CUST872,Female,63,56+,Beauty,3,25,75
873,2023-09-29,September,CUST873,Female,27,26–35,Electronics,4,25,100
874,2023-06-26,June,CUST874,Male,60,56+,Beauty,1,30,30
875,2023-08-06,August,CUST875,Female,51,46–55,Electronics,4,500,2000
876,2023-10-09,October,CUST876,Male,43,36–45,Clothing,4,30,120
877,2023-06-19,June,CUST877,Female,58,56+,Clothing,1,25,25
878,2023-06-30,June,CUST878,Female,20,18–25,Clothing,1,30,30
879,2023-12-26,December,CUST879,Male,23,18–25,Clothing,1,30,30
880,2023-08-21,August,CUST880,Male,22,18–25,Beauty,2,500,1000
881,2023-05-19,May,CUST881,Male,22,18–25,Electronics,1,300,300
882,2023-06-06,June,CUST882,Female,64,56+,Electronics,2,25,50
883,2023-05-09,May,CUST883,Male,40,36–45,Electronics,1,500,500
884,2023-04-29,April,CUST884,Female,26,26–35,Clothing,2,30,60
885,2023-03-03,March,CUST885,Female,52,46–55,Clothing,4,30,120
886,2023-04-09,April,CUST886,Male,37,36–45,Electronics,3,300,900
887,2023-06-11,June,CUST887,Male,59,56+,Clothing,4,25,100
888,2023-03-03,March,CUST888,Female,52,46–55,Electronics,4,25,100
889,2023-10-02,October,CUST889,Female,35,26–35,Electronics,1,50,50
890,2023-12-20,December,CUST890,Male,34,26–35,Electronics,2,25,50
891,2023-04-05,April,CUST891,Male,41,36–45,Electronics,3,300,900
892,2023-04-09,April,CUST892,Male,20,18–25,Electronics,1,50,50
893,2023-04-21,April,CUST893,Male,49,46–55,Electronics,1,50,50
894,2023-09-05,September,CUST894,Male,52,46–55,Electronics,1,30,30
895,2023-05-22,May,CUST895,Female,55,46–55,Clothing,4,30,120
896,2023-10-29,October,CUST896,Female,30,26–35,Electronics,2,25,50
897,2023-09-26,September,CUST897,Female,64,56+,Electronics,2,50,100
898,2023-11-02,November,CUST898,Female,42,36–45,Clothing,3,30,90
899,2023-05-25,May,CUST899,Male,26,26–35,Clothing,2,300,600
900,2023-02-21,February,CUST900,Male,21,18–25,Clothing,2,30,60
901,2023-04-10,April,CUST901,Male,31,26–35,Electronics,1,30,30
902,2023-06-01,June,CUST902,Female,54,46–55,Beauty,1,50,50
903,2023-04-27,April,CUST903,Female,51,46–55,Beauty,4,50,200
904,2023-07-04,July,CUST904,Male,28,26–35,Clothing,1,500,500
905,2023-04-02,April,CUST905,Male,58,56+,Beauty,1,300,300
906,2023-06-04,June,CUST906,Female,20,18–25,Clothing,1,50,50
907,2023-01-08,January,CUST907,Female,45,36–45,Electronics,1,25,25
908,2023-12-29,December,CUST908,Male,46,46–55,Beauty,4,300,1200
909,2023-10-01,October,CUST909,Male,26,26–35,Electronics,1,300,300
910,2023-03-06,March,CUST910,Female,20,18–25,Beauty,3,50,150
911,2023-05-21,May,CUST911,Male,42,36–45,Electronics,3,300,900
912,2023-01-24,January,CUST912,Male,51,46–55,Beauty,3,50,150
913,2023-01-28,January,CUST913,Male,29,26–35,Electronics,3,30,90
914,2023-10-11,October,CUST914,Female,59,56+,Electronics,1,500,500
915,2023-05-30,May,CUST915,Female,26,26–35,Beauty,3,30,90
916,2023-12-24,December,CUST916,Female,32,26–35,Electronics,1,50,50
917,2023-03-06,March,CUST917,Female,57,56+,Electronics,4,50,200
918,2023-11-23,November,CUST918,Female,42,36–45,Electronics,3,30,90
919,2023-09-09,September,CUST919,Female,22,18–25,Beauty,2,25,50
920,2023-02-22,February,CUST920,Female,28,26–35,Beauty,3,25,75
921,2023-01-07,January,CUST921,Male,51,46–55,Electronics,3,25,75
922,2023-10-21,October,CUST922,Male,41,36–45,Electronics,1,50,50
923,2023-05-26,May,CUST923,Male,32,26–35,Beauty,3,300,900
924,2023-08-29,August,CUST924,Male,55,46–55,Beauty,2,50,100
925,2023-09-03,September,CUST925,Male,25,18–25,Electronics,1,300,300
926,2023-08-14,August,CUST926,Male,22,18–25,Electronics,1,30,30
927,2023-06-24,June,CUST927,Male,43,36–45,Electronics,4,500,2000
928,2023-04-05,April,CUST928,Female,35,26–35,Clothing,4,300,1200
929,2023-01-27,January,CUST929,Female,23,18–25,Beauty,3,25,75
930,2023-05-10,May,CUST930,Male,54,46–55,Clothing,4,50,200
931,2023-09-02,September,CUST931,Male,30,26–35,Beauty,4,30,120
932,2023-02-28,February,CUST932,Female,45,36–45,Beauty,4,25,100
933,2023-02-03,February,CUST933,Male,22,18–25,Beauty,1,30,30
934,2023-07-25,July,CUST934,Male,30,26–35,Beauty,1,500,500
935,2023-09-09,September,CUST935,Female,34,26–35,Beauty,1,50,50
936,2023-02-07,February,CUST936,Male,57,56+,Beauty,4,50,200
937,2023-10-23,October,CUST937,Female,62,56+,Beauty,1,500,500
938,2023-11-19,November,CUST938,Male,49,46–55,Clothing,4,50,200
939,2023-12-18,December,CUST939,Female,46,46–55,Electronics,1,300,300
940,2023-01-28,January,CUST940,Female,20,18–25,Electronics,1,30,30
941,2023-03-19,March,CUST941,Female,57,56+,Clothing,2,25,50
942,2023-03-18,March,CUST942,Male,51,46–55,Clothing,3,500,1500
943,2023-10-16,October,CUST943,Female,57,56+,Clothing,4,300,1200
944,2023-06-05,June,CUST944,Male,44,36–45,Clothing,2,25,50
945,2023-02-13,February,CUST945,Male,30,26–35,Beauty,1,25,25
946,2023-05-08,May,CUST946,Male,62,56+,Electronics,4,500,2000
947,2023-03-02,March,CUST947,Male,50,46–55,Beauty,1,300,300
948,2023-10-13,October,CUST948,Female,23,18–25,Electronics,3,25,75
949,2023-08-02,August,CUST949,Female,41,36–45,Electronics,2,25,50
950,2023-11-07,November,CUST950,Male,36,36–45,Clothing,3,300,900
951,2023-11-02,November,CUST951,Male,33,26–35,Beauty,2,50,100
952,2023-11-13,November,CUST952,Female,57,56+,Clothing,1,25,25
953,2023-04-26,April,CUST953,Male,45,36–45,Beauty,3,30,90
954,2023-09-25,September,CUST954,Female,50,46–55,Electronics,3,300,900
955,2023-07-14,July,CUST955,Male,58,56+,Clothing,1,25,25
956,2023-08-19,August,CUST956,Male,30,26–35,Clothing,3,500,1500
957,2023-08-15,August,CUST957,Female,60,56+,Electronics,4,30,120
958,2023-06-02,June,CUST958,Male,62,56+,Electronics,2,25,50
959,2023-10-29,October,CUST959,Female,42,36–45,Electronics,2,30,60
960,2023-08-08,August,CUST960,Male,59,56+,Clothing,2,30,60
961,2023-06-06,June,CUST961,Male,53,46–55,Beauty,4,50,200
962,2023-10-19,October,CUST962,Male,44,36–45,Clothing,2,30,60
963,2023-11-14,November,CUST963,Female,55,46–55,Beauty,1,50,50
964,2023-01-31,January,CUST964,Male,24,18–25,Clothing,3,300,900
965,2023-11-09,November,CUST965,Male,22,18–25,Clothing,4,50,200
966,2023-02-20,February,CUST966,Male,60,56+,Electronics,2,500,1000
967,2023-04-17,April,CUST967,Male,62,56+,Beauty,1,25,25
968,2023-11-17,November,CUST968,Female,48,46–55,Clothing,3,300,900
969,2023-04-19,April,CUST969,Female,40,36–45,Clothing,3,300,900
970,2023-05-16,May,CUST970,Male,59,56+,Electronics,4,500,2000
971,2023-12-05,December,CUST971,Female,27,26–35,Electronics,4,50,200
972,2023-02-11,February,CUST972,Male,49,46–55,Beauty,4,25,100
973,2023-03-22,March,CUST973,Male,60,56+,Clothing,1,50,50
974,2023-05-03,May,CUST974,Male,47,46–55,Beauty,1,30,30
975,2023-03-30,March,CUST975,Female,56,56+,Clothing,4,50,200
976,2023-10-10,October,CUST976,Female,48,46–55,Beauty,2,300,600
977,2023-02-08,February,CUST977,Female,35,26–35,Electronics,3,25,75
978,2023-03-22,March,CUST978,Female,53,46–55,Clothing,3,50,150
979,2023-01-02,January,CUST979,Female,19,18–25,Beauty,1,25,25
980,2023-07-29,July,CUST980,Female,31,26–35,Electronics,3,25,75
981,2023-08-19,August,CUST981,Female,30,26–35,Electronics,2,30,60
982,2023-12-19,December,CUST982,Female,46,46–55,Beauty,3,30,90
983,2023-11-01,November,CUST983,Female,29,26–35,Clothing,1,300,300
984,2023-08-29,August,CUST984,Male,56,56+,Clothing,1,500,500
985,2023-05-30,May,CUST985,Female,19,18–25,Electronics,2,25,50
986,2023-01-17,January,CUST986,Female,49,46–55,Clothing,2,500,1000
987,2023-04-29,April,CUST987,Female,30,26–35,Clothing,3,300,900
988,2023-05-28,May,CUST988,Female,63,56+,Clothing,3,25,75
989,2023-12-28,December,CUST989,Female,44,36–45,Electronics,1,25,25
990,2023-05-25,May,CUST990,Female,58,56+,Beauty,2,500,1000
991,2023-12-26,December,CUST991,Female,34,26–35,Clothing,2,50,100
992,2023-08-21,August,CUST992,Female,57,56+,Electronics,2,30,60
993,2023-02-06,February,CUST993,Female,48,46–55,Electronics,3,50,150
994,2023-12-18,December,CUST994,Female,51,46–55,Beauty,2,500,1000
995,2023-04-30,April,CUST995,Female,41,36–45,Clothing,1,30,30
996,2023-05-16,May,CUST996,Male,62,56+,Clothing,1,50,50
997,2023-11-17,November,CUST997,Male,52,46–55,Beauty,3,30,90
998,2023-10-29,October,CUST998,Female,23,18–25,Beauty,4,25,100
999,2023-12-05,December,CUST999,Female,36,36–45,Electronics,3,50,150
1000,2023-04-12,April,CUST1000,Male,47,46–55,Electronics,4,30,120
,,December,,,,,,,,
,,December,,,,,,,,